Region,Age,Year,Total_Population
01,17,1968,17725
01,17,1969,18325
01,17,1970,18404
01,17,1971,17493
01,17,1972,17830
01,17,1973,18242
01,17,1974,18218
01,17,1975,17944
01,17,1976,17795
01,17,1977,17805
01,17,1978,18614
01,17,1979,19096
01,17,1980,20029
01,17,1981,22013
01,17,1982,21175
01,17,1983,21025
01,17,1984,20668
01,17,1985,19091
01,17,1986,18461
01,17,1987,19457
01,17,1988,20787
01,17,1989,20403
01,17,1990,19787
01,17,1991,19830
01,17,1992,18451
01,17,1993,17932
01,17,1994,17515
01,17,1995,17187
01,17,1996,18126
01,17,1997,19108
01,17,1998,18401
01,17,1999,18380
01,17,2000,18176
01,17,2001,18834
01,17,2002,19625
01,17,2003,20578
01,17,2004,21264
01,17,2005,22837
01,17,2006,23808
01,17,2007,25625
01,17,2008,25458
01,17,2009,26096
01,17,2010,25633
01,17,2011,25478
01,17,2012,23855
01,17,2013,22930
01,17,2014,22298
01,17,2015,22691
01,17,2016,22822
01,17,2017,24203
01,17,2018,24662
01,17,2019,26004
01,17,2020,26846
01,17,2021,27808
01,17,2022,28052
01,17,2023,29114
01,18,1968,19053
01,18,1969,18711
01,18,1970,19214
01,18,1971,18798
01,18,1972,17801
01,18,1973,18160
01,18,1974,18599
01,18,1975,18694
01,18,1976,18386
01,18,1977,18361
01,18,1978,18248
01,18,1979,19035
01,18,1980,19673
01,18,1981,20589
01,18,1982,22475
01,18,1983,21576
01,18,1984,21374
01,18,1985,21174
01,18,1986,19552
01,18,1987,18885
01,18,1988,19823
01,18,1989,21095
01,18,1990,20719
01,18,1991,19955
01,18,1992,20053
01,18,1993,18684
01,18,1994,18183
01,18,1995,17666
01,18,1996,17375
01,18,1997,18290
01,18,1998,19339
01,18,1999,18612
01,18,2000,18569
01,18,2001,18359
01,18,2002,19015
01,18,2003,19772
01,18,2004,20720
01,18,2005,21432
01,18,2006,23078
01,18,2007,24162
01,18,2008,25922
01,18,2009,25798
01,18,2010,26484
01,18,2011,25990
01,18,2012,25842
01,18,2013,24259
01,18,2014,23260
01,18,2015,22716
01,18,2016,23232
01,18,2017,23880
01,18,2018,24722
01,18,2019,24996
01,18,2020,26184
01,18,2021,27092
01,18,2022,28078
01,18,2023,28277
01,19,1968,21139
01,19,1969,20354
01,19,1970,20059
01,19,1971,19846
01,19,1972,19272
01,19,1973,18271
01,19,1974,18820
01,19,1975,19360
01,19,1976,19440
01,19,1977,19364
01,19,1978,19189
01,19,1979,19042
01,19,1980,19985
01,19,1981,20747
01,19,1982,21360
01,19,1983,23332
01,19,1984,22427
01,19,1985,22522
01,19,1986,22168
01,19,1987,20315
01,19,1988,19636
01,19,1989,20592
01,19,1990,21751
01,19,1991,21286
01,19,1992,20275
01,19,1993,20403
01,19,1994,19187
01,19,1995,18577
01,19,1996,18041
01,19,1997,17810
01,19,1998,18790
01,19,1999,19916
01,19,2000,19077
01,19,2001,19076
01,19,2002,18746
01,19,2003,19304
01,19,2004,20105
01,19,2005,21055
01,19,2006,21918
01,19,2007,23561
01,19,2008,24528
01,19,2009,26314
01,19,2010,26170
01,19,2011,26725
01,19,2012,26248
01,19,2013,26151
01,19,2014,24529
01,19,2015,23551
01,19,2016,23013
01,19,2017,23563
01,19,2018,24653
01,19,2019,24971
01,19,2020,24692
01,19,2021,25959
01,19,2022,26983
01,19,2023,27971
03,17,1968,2685
03,17,1969,2797
03,17,1970,2770
03,17,1971,2687
03,17,1972,2786
03,17,1973,2893
03,17,1974,2795
03,17,1975,2768
03,17,1976,2851
03,17,1977,2765
03,17,1978,2940
03,17,1979,3066
03,17,1980,3272
03,17,1981,3687
03,17,1982,3678
03,17,1983,3584
03,17,1984,3657
03,17,1985,3528
03,17,1986,3392
03,17,1987,3476
03,17,1988,3732
03,17,1989,3697
03,17,1990,3657
03,17,1991,3676
03,17,1992,3568
03,17,1993,3420
03,17,1994,3280
03,17,1995,3140
03,17,1996,3395
03,17,1997,3534
03,17,1998,3310
03,17,1999,3367
03,17,2000,3436
03,17,2001,3384
03,17,2002,3783
03,17,2003,3852
03,17,2004,3914
03,17,2005,4071
03,17,2006,4555
03,17,2007,4696
03,17,2008,4775
03,17,2009,4668
03,17,2010,4379
03,17,2011,4486
03,17,2012,4141
03,17,2013,3766
03,17,2014,3650
03,17,2015,3677
03,17,2016,3654
03,17,2017,3850
03,17,2018,4017
03,17,2019,4190
03,17,2020,4272
03,17,2021,4501
03,17,2022,4451
03,17,2023,4607
03,18,1968,2913
03,18,1969,2804
03,18,1970,2905
03,18,1971,2808
03,18,1972,2724
03,18,1973,2804
03,18,1974,2927
03,18,1975,2828
03,18,1976,2809
03,18,1977,2875
03,18,1978,2787
03,18,1979,2968
03,18,1980,3086
03,18,1981,3268
03,18,1982,3699
03,18,1983,3678
03,18,1984,3595
03,18,1985,3687
03,18,1986,3524
03,18,1987,3393
03,18,1988,3469
03,18,1989,3756
03,18,1990,3727
03,18,1991,3667
03,18,1992,3714
03,18,1993,3606
03,18,1994,3431
03,18,1995,3284
03,18,1996,3147
03,18,1997,3397
03,18,1998,3563
03,18,1999,3329
03,18,2000,3392
03,18,2001,3446
03,18,2002,3405
03,18,2003,3776
03,18,2004,3846
03,18,2005,3924
03,18,2006,4335
03,18,2007,4572
03,18,2008,4745
03,18,2009,4834
03,18,2010,4710
03,18,2011,4430
03,18,2012,4486
03,18,2013,4167
03,18,2014,3848
03,18,2015,3751
03,18,2016,3825
03,18,2017,3870
03,18,2018,3956
03,18,2019,4066
03,18,2020,4257
03,18,2021,4344
03,18,2022,4571
03,18,2023,4501
03,19,1968,3161
03,19,1969,3121
03,19,1970,3003
03,19,1971,3002
03,19,1972,2877
03,19,1973,2787
03,19,1974,2891
03,19,1975,2997
03,19,1976,2932
03,19,1977,2877
03,19,1978,2979
03,19,1979,2874
03,19,1980,3031
03,19,1981,3121
03,19,1982,3304
03,19,1983,3707
03,19,1984,3691
03,19,1985,3627
03,19,1986,3702
03,19,1987,3556
03,19,1988,3458
03,19,1989,3549
03,19,1990,3816
03,19,1991,3782
03,19,1992,3805
03,19,1993,3962
03,19,1994,3815
03,19,1995,3648
03,19,1996,3468
03,19,1997,3332
03,19,1998,3591
03,19,1999,3721
03,19,2000,3485
03,19,2001,3500
03,19,2002,3511
03,19,2003,3521
03,19,2004,3919
03,19,2005,4028
03,19,2006,4266
03,19,2007,4521
03,19,2008,4810
03,19,2009,4987
03,19,2010,5044
03,19,2011,4957
03,19,2012,4659
03,19,2013,4685
03,19,2014,4402
03,19,2015,4086
03,19,2016,4027
03,19,2017,4116
03,19,2018,4273
03,19,2019,4372
03,19,2020,4412
03,19,2021,4645
03,19,2022,4746
03,19,2023,4911
04,17,1968,3397
04,17,1969,3558
04,17,1970,3520
04,17,1971,3331
04,17,1972,3444
04,17,1973,3461
04,17,1974,3436
04,17,1975,3451
04,17,1976,3490
04,17,1977,3365
04,17,1978,3476
04,17,1979,3559
04,17,1980,3587
04,17,1981,4058
04,17,1982,4097
04,17,1983,4027
04,17,1984,4068
04,17,1985,3771
04,17,1986,3485
04,17,1987,3360
04,17,1988,3632
04,17,1989,3596
04,17,1990,3574
04,17,1991,3632
04,17,1992,3326
04,17,1993,3127
04,17,1994,3098
04,17,1995,3115
04,17,1996,3105
04,17,1997,3118
04,17,1998,3040
04,17,1999,2978
04,17,2000,3057
04,17,2001,3147
04,17,2002,3257
04,17,2003,3373
04,17,2004,3394
04,17,2005,3614
04,17,2006,3890
04,17,2007,4064
04,17,2008,4024
04,17,2009,3903
04,17,2010,3859
04,17,2011,3601
04,17,2012,3435
04,17,2013,3231
04,17,2014,3139
04,17,2015,3119
04,17,2016,3239
04,17,2017,3345
04,17,2018,3423
04,17,2019,3495
04,17,2020,3602
04,17,2021,3642
04,17,2022,3676
04,17,2023,3842
04,18,1968,3551
04,18,1969,3559
04,18,1970,3706
04,18,1971,3512
04,18,1972,3306
04,18,1973,3442
04,18,1974,3473
04,18,1975,3434
04,18,1976,3422
04,18,1977,3446
04,18,1978,3351
04,18,1979,3454
04,18,1980,3540
04,18,1981,3533
04,18,1982,3999
04,18,1983,4049
04,18,1984,4006
04,18,1985,4016
04,18,1986,3764
04,18,1987,3468
04,18,1988,3354
04,18,1989,3631
04,18,1990,3609
04,18,1991,3550
04,18,1992,3643
04,18,1993,3346
04,18,1994,3147
04,18,1995,3075
04,18,1996,3115
04,18,1997,3094
04,18,1998,3128
04,18,1999,3051
04,18,2000,2990
04,18,2001,3070
04,18,2002,3152
04,18,2003,3278
04,18,2004,3397
04,18,2005,3399
04,18,2006,3642
04,18,2007,3912
04,18,2008,4093
04,18,2009,4063
04,18,2010,3943
04,18,2011,3900
04,18,2012,3624
04,18,2013,3481
04,18,2014,3281
04,18,2015,3192
04,18,2016,3206
04,18,2017,3400
04,18,2018,3466
04,18,2019,3457
04,18,2020,3506
04,18,2021,3616
04,18,2022,3621
04,18,2023,3673
04,19,1968,3705
04,19,1969,3721
04,19,1970,3679
04,19,1971,3638
04,19,1972,3489
04,19,1973,3307
04,19,1974,3452
04,19,1975,3437
04,19,1976,3420
04,19,1977,3391
04,19,1978,3394
04,19,1979,3300
04,19,1980,3431
04,19,1981,3453
04,19,1982,3456
04,19,1983,3929
04,19,1984,3930
04,19,1985,3914
04,19,1986,3947
04,19,1987,3700
04,19,1988,3389
04,19,1989,3349
04,19,1990,3627
04,19,1991,3564
04,19,1992,3513
04,19,1993,3588
04,19,1994,3283
04,19,1995,3059
04,19,1996,2939
04,19,1997,3030
04,19,1998,2973
04,19,1999,3048
04,19,2000,2959
04,19,2001,2920
04,19,2002,3000
04,19,2003,3114
04,19,2004,3199
04,19,2005,3305
04,19,2006,3271
04,19,2007,3495
04,19,2008,3797
04,19,2009,3915
04,19,2010,3894
04,19,2011,3825
04,19,2012,3778
04,19,2013,3480
04,19,2014,3390
04,19,2015,3170
04,19,2016,3105
04,19,2017,3135
04,19,2018,3384
04,19,2019,3388
04,19,2020,3334
04,19,2021,3311
04,19,2022,3420
04,19,2023,3463
05,17,1968,5232
05,17,1969,5320
05,17,1970,5308
05,17,1971,5115
05,17,1972,5225
05,17,1973,5163
05,17,1974,5072
05,17,1975,5174
05,17,1976,5059
05,17,1977,4973
05,17,1978,5048
05,17,1979,5132
05,17,1980,5374
05,17,1981,5877
05,17,1982,6007
05,17,1983,6048
05,17,1984,5895
05,17,1985,5403
05,17,1986,5254
05,17,1987,5450
05,17,1988,5556
05,17,1989,5446
05,17,1990,5484
05,17,1991,5561
05,17,1992,5155
05,17,1993,4998
05,17,1994,4962
05,17,1995,4719
05,17,1996,4882
05,17,1997,5041
05,17,1998,4761
05,17,1999,4614
05,17,2000,4631
05,17,2001,4574
05,17,2002,5035
05,17,2003,5262
05,17,2004,5313
05,17,2005,5681
05,17,2006,5651
05,17,2007,6245
05,17,2008,6199
05,17,2009,6120
05,17,2010,5960
05,17,2011,5718
05,17,2012,5363
05,17,2013,5022
05,17,2014,4732
05,17,2015,4692
05,17,2016,4763
05,17,2017,4978
05,17,2018,4860
05,17,2019,5074
05,17,2020,5165
05,17,2021,5315
05,17,2022,5429
05,17,2023,5538
05,18,1968,5679
05,18,1969,5384
05,18,1970,5400
05,18,1971,5321
05,18,1972,5121
05,18,1973,5208
05,18,1974,5177
05,18,1975,5096
05,18,1976,5214
05,18,1977,5109
05,18,1978,4938
05,18,1979,5075
05,18,1980,5144
05,18,1981,5376
05,18,1982,5888
05,18,1983,5993
05,18,1984,6066
05,18,1985,5902
05,18,1986,5416
05,18,1987,5274
05,18,1988,5455
05,18,1989,5599
05,18,1990,5469
05,18,1991,5482
05,18,1992,5581
05,18,1993,5193
05,18,1994,5069
05,18,1995,4987
05,18,1996,4715
05,18,1997,4889
05,18,1998,5042
05,18,1999,4771
05,18,2000,4637
05,18,2001,4646
05,18,2002,4591
05,18,2003,5076
05,18,2004,5280
05,18,2005,5337
05,18,2006,5727
05,18,2007,5705
05,18,2008,6287
05,18,2009,6286
05,18,2010,6159
05,18,2011,6022
05,18,2012,5778
05,18,2013,5447
05,18,2014,5091
05,18,2015,4826
05,18,2016,4867
05,18,2017,4992
05,18,2018,5105
05,18,2019,4931
05,18,2020,5104
05,18,2021,5230
05,18,2022,5350
05,18,2023,5480
05,19,1968,5842
05,19,1969,5873
05,19,1970,5449
05,19,1971,5392
05,19,1972,5319
05,19,1973,5137
05,19,1974,5215
05,19,1975,5161
05,19,1976,5134
05,19,1977,5224
05,19,1978,5161
05,19,1979,4980
05,19,1980,5094
05,19,1981,5134
05,19,1982,5383
05,19,1983,5899
05,19,1984,6039
05,19,1985,6081
05,19,1986,5925
05,19,1987,5435
05,19,1988,5281
05,19,1989,5477
05,19,1990,5648
05,19,1991,5585
05,19,1992,5599
05,19,1993,5839
05,19,1994,5516
05,19,1995,5357
05,19,1996,5221
05,19,1997,4919
05,19,1998,5112
05,19,1999,5240
05,19,2000,4974
05,19,2001,4855
05,19,2002,4869
05,19,2003,4853
05,19,2004,5332
05,19,2005,5486
05,19,2006,5545
05,19,2007,6052
05,19,2008,6026
05,19,2009,6574
05,19,2010,6592
05,19,2011,6481
05,19,2012,6356
05,19,2013,6072
05,19,2014,5759
05,19,2015,5376
05,19,2016,5148
05,19,2017,5150
05,19,2018,5393
05,19,2019,5445
05,19,2020,5261
05,19,2021,5431
05,19,2022,5568
05,19,2023,5574
06,17,1968,4385
06,17,1969,4489
06,17,1970,4537
06,17,1971,4371
06,17,1972,4517
06,17,1973,4455
06,17,1974,4454
06,17,1975,4287
06,17,1976,4239
06,17,1977,4164
06,17,1978,4223
06,17,1979,4326
06,17,1980,4555
06,17,1981,4772
06,17,1982,4956
06,17,1983,4945
06,17,1984,4987
06,17,1985,4764
06,17,1986,4529
06,17,1987,4569
06,17,1988,4743
06,17,1989,4600
06,17,1990,4651
06,17,1991,4585
06,17,1992,4313
06,17,1993,4253
06,17,1994,4246
06,17,1995,4071
06,17,1996,4137
06,17,1997,4204
06,17,1998,3910
06,17,1999,4040
06,17,2000,4132
06,17,2001,4159
06,17,2002,4391
06,17,2003,4447
06,17,2004,4461
06,17,2005,4794
06,17,2006,4794
06,17,2007,5207
06,17,2008,5241
06,17,2009,5079
06,17,2010,4846
06,17,2011,4627
06,17,2012,4289
06,17,2013,4084
06,17,2014,3899
06,17,2015,4029
06,17,2016,3845
06,17,2017,4022
06,17,2018,4072
06,17,2019,4308
06,17,2020,4312
06,17,2021,4363
06,17,2022,4361
06,17,2023,4452
06,18,1968,4481
06,18,1969,4492
06,18,1970,4558
06,18,1971,4504
06,18,1972,4375
06,18,1973,4529
06,18,1974,4472
06,18,1975,4394
06,18,1976,4298
06,18,1977,4254
06,18,1978,4157
06,18,1979,4240
06,18,1980,4355
06,18,1981,4536
06,18,1982,4739
06,18,1983,4938
06,18,1984,4928
06,18,1985,4983
06,18,1986,4785
06,18,1987,4555
06,18,1988,4614
06,18,1989,4782
06,18,1990,4610
06,18,1991,4658
06,18,1992,4606
06,18,1993,4349
06,18,1994,4271
06,18,1995,4267
06,18,1996,4084
06,18,1997,4146
06,18,1998,4224
06,18,1999,3910
06,18,2000,4057
06,18,2001,4151
06,18,2002,4185
06,18,2003,4428
06,18,2004,4471
06,18,2005,4474
06,18,2006,4827
06,18,2007,4839
06,18,2008,5242
06,18,2009,5263
06,18,2010,5108
06,18,2011,4870
06,18,2012,4658
06,18,2013,4355
06,18,2014,4176
06,18,2015,3980
06,18,2016,4156
06,18,2017,4060
06,18,2018,4106
06,18,2019,4118
06,18,2020,4353
06,18,2021,4359
06,18,2022,4394
06,18,2023,4396
06,19,1968,4731
06,19,1969,4586
06,19,1970,4503
06,19,1971,4475
06,19,1972,4498
06,19,1973,4351
06,19,1974,4518
06,19,1975,4409
06,19,1976,4368
06,19,1977,4251
06,19,1978,4205
06,19,1979,4159
06,19,1980,4215
06,19,1981,4306
06,19,1982,4457
06,19,1983,4703
06,19,1984,4909
06,19,1985,4902
06,19,1986,4974
06,19,1987,4841
06,19,1988,4575
06,19,1989,4625
06,19,1990,4771
06,19,1991,4554
06,19,1992,4594
06,19,1993,4455
06,19,1994,4258
06,19,1995,4188
06,19,1996,4141
06,19,1997,3970
06,19,1998,4062
06,19,1999,4115
06,19,2000,3853
06,19,2001,4014
06,19,2002,4074
06,19,2003,4135
06,19,2004,4380
06,19,2005,4408
06,19,2006,4510
06,19,2007,4912
06,19,2008,4920
06,19,2009,5263
06,19,2010,5226
06,19,2011,5151
06,19,2012,4903
06,19,2013,4710
06,19,2014,4311
06,19,2015,4210
06,19,2016,4037
06,19,2017,4213
06,19,2018,4212
06,19,2019,4135
06,19,2020,4104
06,19,2021,4313
06,19,2022,4377
06,19,2023,4390
07,17,1968,2305
07,17,1969,2394
07,17,1970,2384
07,17,1971,2310
07,17,1972,2279
07,17,1973,2353
07,17,1974,2231
07,17,1975,2192
07,17,1976,2187
07,17,1977,2134
07,17,1978,2157
07,17,1979,2286
07,17,1980,2394
07,17,1981,2591
07,17,1982,2573
07,17,1983,2638
07,17,1984,2650
07,17,1985,2525
07,17,1986,2457
07,17,1987,2430
07,17,1988,2512
07,17,1989,2474
07,17,1990,2457
07,17,1991,2590
07,17,1992,2476
07,17,1993,2402
07,17,1994,2299
07,17,1995,2230
07,17,1996,2304
07,17,1997,2273
07,17,1998,2223
07,17,1999,2200
07,17,2000,2196
07,17,2001,2164
07,17,2002,2216
07,17,2003,2273
07,17,2004,2370
07,17,2005,2445
07,17,2006,2428
07,17,2007,2667
07,17,2008,2642
07,17,2009,2671
07,17,2010,2500
07,17,2011,2421
07,17,2012,2313
07,17,2013,2107
07,17,2014,2111
07,17,2015,2114
07,17,2016,2174
07,17,2017,2134
07,17,2018,2259
07,17,2019,2323
07,17,2020,2322
07,17,2021,2437
07,17,2022,2361
07,17,2023,2507
07,18,1968,2415
07,18,1969,2355
07,18,1970,2416
07,18,1971,2376
07,18,1972,2307
07,18,1973,2270
07,18,1974,2329
07,18,1975,2219
07,18,1976,2182
07,18,1977,2198
07,18,1978,2128
07,18,1979,2161
07,18,1980,2281
07,18,1981,2380
07,18,1982,2586
07,18,1983,2566
07,18,1984,2638
07,18,1985,2635
07,18,1986,2516
07,18,1987,2451
07,18,1988,2430
07,18,1989,2508
07,18,1990,2457
07,18,1991,2471
07,18,1992,2588
07,18,1993,2479
07,18,1994,2413
07,18,1995,2297
07,18,1996,2228
07,18,1997,2302
07,18,1998,2273
07,18,1999,2220
07,18,2000,2198
07,18,2001,2190
07,18,2002,2159
07,18,2003,2228
07,18,2004,2284
07,18,2005,2381
07,18,2006,2485
07,18,2007,2465
07,18,2008,2693
07,18,2009,2680
07,18,2010,2685
07,18,2011,2509
07,18,2012,2441
07,18,2013,2344
07,18,2014,2128
07,18,2015,2171
07,18,2016,2197
07,18,2017,2270
07,18,2018,2169
07,18,2019,2279
07,18,2020,2340
07,18,2021,2336
07,18,2022,2451
07,18,2023,2376
07,19,1968,2474
07,19,1969,2467
07,19,1970,2362
07,19,1971,2390
07,19,1972,2357
07,19,1973,2322
07,19,1974,2258
07,19,1975,2321
07,19,1976,2228
07,19,1977,2178
07,19,1978,2197
07,19,1979,2104
07,19,1980,2167
07,19,1981,2307
07,19,1982,2367
07,19,1983,2562
07,19,1984,2543
07,19,1985,2587
07,19,1986,2612
07,19,1987,2515
07,19,1988,2479
07,19,1989,2425
07,19,1990,2529
07,19,1991,2448
07,19,1992,2465
07,19,1993,2603
07,19,1994,2521
07,19,1995,2368
07,19,1996,2266
07,19,1997,2239
07,19,1998,2236
07,19,1999,2274
07,19,2000,2194
07,19,2001,2186
07,19,2002,2220
07,19,2003,2187
07,19,2004,2263
07,19,2005,2305
07,19,2006,2461
07,19,2007,2553
07,19,2008,2533
07,19,2009,2743
07,19,2010,2750
07,19,2011,2782
07,19,2012,2536
07,19,2013,2437
07,19,2014,2425
07,19,2015,2143
07,19,2016,2225
07,19,2017,2220
07,19,2018,2370
07,19,2019,2210
07,19,2020,2338
07,19,2021,2400
07,19,2022,2404
07,19,2023,2532
08,17,1968,3453
08,17,1969,3369
08,17,1970,3316
08,17,1971,3297
08,17,1972,3289
08,17,1973,3361
08,17,1974,3081
08,17,1975,3093
08,17,1976,3167
08,17,1977,3016
08,17,1978,3039
08,17,1979,3294
08,17,1980,3419
08,17,1981,3610
08,17,1982,3712
08,17,1983,3750
08,17,1984,3532
08,17,1985,3331
08,17,1986,3127
08,17,1987,3191
08,17,1988,3255
08,17,1989,3262
08,17,1990,3316
08,17,1991,3238
08,17,1992,3048
08,17,1993,2935
08,17,1994,2946
08,17,1995,2781
08,17,1996,2947
08,17,1997,2780
08,17,1998,2870
08,17,1999,2888
08,17,2000,2747
08,17,2001,2904
08,17,2002,3013
08,17,2003,3029
08,17,2004,3174
08,17,2005,3274
08,17,2006,3374
08,17,2007,3619
08,17,2008,3513
08,17,2009,3450
08,17,2010,3250
08,17,2011,3102
08,17,2012,2857
08,17,2013,2615
08,17,2014,2403
08,17,2015,2425
08,17,2016,2530
08,17,2017,2691
08,17,2018,2618
08,17,2019,2685
08,17,2020,2661
08,17,2021,2704
08,17,2022,2676
08,17,2023,2715
08,18,1968,3445
08,18,1969,3487
08,18,1970,3360
08,18,1971,3270
08,18,1972,3258
08,18,1973,3285
08,18,1974,3327
08,18,1975,3073
08,18,1976,3077
08,18,1977,3148
08,18,1978,3007
08,18,1979,3018
08,18,1980,3291
08,18,1981,3387
08,18,1982,3604
08,18,1983,3674
08,18,1984,3722
08,18,1985,3500
08,18,1986,3293
08,18,1987,3107
08,18,1988,3186
08,18,1989,3275
08,18,1990,3272
08,18,1991,3316
08,18,1992,3255
08,18,1993,3064
08,18,1994,2933
08,18,1995,2934
08,18,1996,2776
08,18,1997,2940
08,18,1998,2785
08,18,1999,2861
08,18,2000,2882
08,18,2001,2738
08,18,2002,2917
08,18,2003,3036
08,18,2004,3034
08,18,2005,3182
08,18,2006,3283
08,18,2007,3392
08,18,2008,3623
08,18,2009,3516
08,18,2010,3454
08,18,2011,3278
08,18,2012,3098
08,18,2013,2883
08,18,2014,2652
08,18,2015,2471
08,18,2016,2580
08,18,2017,2621
08,18,2018,2719
08,18,2019,2613
08,18,2020,2700
08,18,2021,2666
08,18,2022,2721
08,18,2023,2674
08,19,1968,3571
08,19,1969,3508
08,19,1970,3463
08,19,1971,3314
08,19,1972,3187
08,19,1973,3220
08,19,1974,3255
08,19,1975,3319
08,19,1976,3052
08,19,1977,3036
08,19,1978,3117
08,19,1979,2981
08,19,1980,2981
08,19,1981,3210
08,19,1982,3344
08,19,1983,3554
08,19,1984,3637
08,19,1985,3658
08,19,1986,3432
08,19,1987,3238
08,19,1988,3034
08,19,1989,3172
08,19,1990,3228
08,19,1991,3216
08,19,1992,3260
08,19,1993,3146
08,19,1994,3015
08,19,1995,2816
08,19,1996,2876
08,19,1997,2679
08,19,1998,2811
08,19,1999,2659
08,19,2000,2746
08,19,2001,2771
08,19,2002,2629
08,19,2003,2891
08,19,2004,2976
08,19,2005,2979
08,19,2006,3098
08,19,2007,3174
08,19,2008,3281
08,19,2009,3551
08,19,2010,3405
08,19,2011,3365
08,19,2012,3232
08,19,2013,3016
08,19,2014,2802
08,19,2015,2611
08,19,2016,2510
08,19,2017,2522
08,19,2018,2602
08,19,2019,2645
08,19,2020,2508
08,19,2021,2620
08,19,2022,2615
08,19,2023,2632
09,17,1968,836
09,17,1969,890
09,17,1970,837
09,17,1971,801
09,17,1972,831
09,17,1973,825
09,17,1974,821
09,17,1975,813
09,17,1976,799
09,17,1977,826
09,17,1978,773
09,17,1979,808
09,17,1980,858
09,17,1981,907
09,17,1982,871
09,17,1983,867
09,17,1984,889
09,17,1985,775
09,17,1986,714
09,17,1987,718
09,17,1988,809
09,17,1989,843
09,17,1990,744
09,17,1991,817
09,17,1992,734
09,17,1993,696
09,17,1994,730
09,17,1995,641
09,17,1996,731
09,17,1997,734
09,17,1998,758
09,17,1999,746
09,17,2000,748
09,17,2001,743
09,17,2002,702
09,17,2003,753
09,17,2004,790
09,17,2005,890
09,17,2006,862
09,17,2007,1002
09,17,2008,842
09,17,2009,855
09,17,2010,833
09,17,2011,762
09,17,2012,671
09,17,2013,590
09,17,2014,598
09,17,2015,512
09,17,2016,595
09,17,2017,580
09,17,2018,576
09,17,2019,632
09,17,2020,608
09,17,2021,558
09,17,2022,654
09,17,2023,639
09,18,1968,893
09,18,1969,839
09,18,1970,879
09,18,1971,822
09,18,1972,782
09,18,1973,818
09,18,1974,821
09,18,1975,797
09,18,1976,808
09,18,1977,783
09,18,1978,823
09,18,1979,772
09,18,1980,800
09,18,1981,859
09,18,1982,914
09,18,1983,862
09,18,1984,868
09,18,1985,883
09,18,1986,768
09,18,1987,708
09,18,1988,706
09,18,1989,817
09,18,1990,830
09,18,1991,739
09,18,1992,811
09,18,1993,728
09,18,1994,691
09,18,1995,723
09,18,1996,642
09,18,1997,723
09,18,1998,732
09,18,1999,753
09,18,2000,740
09,18,2001,745
09,18,2002,742
09,18,2003,712
09,18,2004,755
09,18,2005,790
09,18,2006,879
09,18,2007,867
09,18,2008,995
09,18,2009,846
09,18,2010,863
09,18,2011,828
09,18,2012,766
09,18,2013,678
09,18,2014,593
09,18,2015,615
09,18,2016,519
09,18,2017,626
09,18,2018,595
09,18,2019,591
09,18,2020,637
09,18,2021,621
09,18,2022,584
09,18,2023,668
09,19,1968,869
09,19,1969,904
09,19,1970,811
09,19,1971,858
09,19,1972,812
09,19,1973,756
09,19,1974,803
09,19,1975,811
09,19,1976,797
09,19,1977,781
09,19,1978,765
09,19,1979,820
09,19,1980,753
09,19,1981,779
09,19,1982,850
09,19,1983,903
09,19,1984,863
09,19,1985,860
09,19,1986,862
09,19,1987,736
09,19,1988,680
09,19,1989,687
09,19,1990,808
09,19,1991,822
09,19,1992,738
09,19,1993,797
09,19,1994,722
09,19,1995,672
09,19,1996,723
09,19,1997,640
09,19,1998,713
09,19,1999,717
09,19,2000,724
09,19,2001,736
09,19,2002,746
09,19,2003,738
09,19,2004,711
09,19,2005,781
09,19,2006,781
09,19,2007,904
09,19,2008,874
09,19,2009,1046
09,19,2010,881
09,19,2011,866
09,19,2012,840
09,19,2013,806
09,19,2014,703
09,19,2015,648
09,19,2016,681
09,19,2017,550
09,19,2018,689
09,19,2019,651
09,19,2020,618
09,19,2021,735
09,19,2022,675
09,19,2023,640
10,17,1968,2176
10,17,1969,2148
10,17,1970,2038
10,17,1971,2106
10,17,1972,2119
10,17,1973,2153
10,17,1974,2104
10,17,1975,2081
10,17,1976,2062
10,17,1977,2135
10,17,1978,2022
10,17,1979,2122
10,17,1980,2158
10,17,1981,2388
10,17,1982,2434
10,17,1983,2367
10,17,1984,2269
10,17,1985,2176
10,17,1986,2138
10,17,1987,2056
10,17,1988,2109
10,17,1989,2037
10,17,1990,2142
10,17,1991,2073
10,17,1992,2119
10,17,1993,1953
10,17,1994,1874
10,17,1995,1817
10,17,1996,1815
10,17,1997,1808
10,17,1998,1780
10,17,1999,1758
10,17,2000,1761
10,17,2001,1778
10,17,2002,1791
10,17,2003,1873
10,17,2004,1910
10,17,2005,1906
10,17,2006,1971
10,17,2007,2186
10,17,2008,2152
10,17,2009,2064
10,17,2010,1928
10,17,2011,1865
10,17,2012,1752
10,17,2013,1627
10,17,2014,1577
10,17,2015,1677
10,17,2016,1641
10,17,2017,1791
10,17,2018,1656
10,17,2019,1813
10,17,2020,1818
10,17,2021,1846
10,17,2022,1882
10,17,2023,1944
10,18,1968,2213
10,18,1969,2248
10,18,1970,2222
10,18,1971,2061
10,18,1972,2153
10,18,1973,2123
10,18,1974,2100
10,18,1975,2094
10,18,1976,2059
10,18,1977,2053
10,18,1978,2141
10,18,1979,2022
10,18,1980,2095
10,18,1981,2131
10,18,1982,2347
10,18,1983,2419
10,18,1984,2336
10,18,1985,2248
10,18,1986,2151
10,18,1987,2100
10,18,1988,2033
10,18,1989,2098
10,18,1990,2034
10,18,1991,2136
10,18,1992,2066
10,18,1993,2133
10,18,1994,1991
10,18,1995,1875
10,18,1996,1814
10,18,1997,1842
10,18,1998,1818
10,18,1999,1778
10,18,2000,1771
10,18,2001,1770
10,18,2002,1786
10,18,2003,1795
10,18,2004,1883
10,18,2005,1924
10,18,2006,1923
10,18,2007,1999
10,18,2008,2210
10,18,2009,2169
10,18,2010,2076
10,18,2011,1932
10,18,2012,1879
10,18,2013,1767
10,18,2014,1674
10,18,2015,1619
10,18,2016,1729
10,18,2017,1697
10,18,2018,1797
10,18,2019,1670
10,18,2020,1807
10,18,2021,1806
10,18,2022,1828
10,18,2023,1889
10,19,1968,2271
10,19,1969,2302
10,19,1970,2304
10,19,1971,2225
10,19,1972,2054
10,19,1973,2131
10,19,1974,2113
10,19,1975,2064
10,19,1976,2072
10,19,1977,2056
10,19,1978,2015
10,19,1979,2105
10,19,1980,1965
10,19,1981,2002
10,19,1982,2078
10,19,1983,2290
10,19,1984,2368
10,19,1985,2287
10,19,1986,2190
10,19,1987,2095
10,19,1988,2040
10,19,1989,2010
10,19,1990,2099
10,19,1991,2005
10,19,1992,2149
10,19,1993,2050
10,19,1994,2096
10,19,1995,1937
10,19,1996,1848
10,19,1997,1817
10,19,1998,1809
10,19,1999,1812
10,19,2000,1764
10,19,2001,1760
10,19,2002,1731
10,19,2003,1792
10,19,2004,1836
10,19,2005,1897
10,19,2006,1945
10,19,2007,1906
10,19,2008,1990
10,19,2009,2218
10,19,2010,2236
10,19,2011,2123
10,19,2012,2020
10,19,2013,1982
10,19,2014,1888
10,19,2015,1745
10,19,2016,1728
10,19,2017,1795
10,19,2018,1777
10,19,2019,1841
10,19,2020,1727
10,19,2021,1843
10,19,2022,1835
10,19,2023,1849
12,17,1968,13174
12,17,1969,12995
12,17,1970,13167
12,17,1971,12562
12,17,1972,12826
12,17,1973,12576
12,17,1974,12684
12,17,1975,12637
12,17,1976,12691
12,17,1977,12315
12,17,1978,12774
12,17,1979,12905
12,17,1980,13903
12,17,1981,14878
12,17,1982,15048
12,17,1983,14892
12,17,1984,14809
12,17,1985,13928
12,17,1986,13193
12,17,1987,13547
12,17,1988,13972
12,17,1989,13831
12,17,1990,13780
12,17,1991,14077
12,17,1992,13786
12,17,1993,13180
12,17,1994,12856
12,17,1995,12672
12,17,1996,13075
12,17,1997,12657
12,17,1998,12677
12,17,1999,12541
12,17,2000,12619
12,17,2001,12999
12,17,2002,13406
12,17,2003,14118
12,17,2004,14355
12,17,2005,15369
12,17,2006,15711
12,17,2007,16598
12,17,2008,16502
12,17,2009,16361
12,17,2010,15847
12,17,2011,15260
12,17,2012,14666
12,17,2013,13716
12,17,2014,13397
12,17,2015,13420
12,17,2016,13724
12,17,2017,14477
12,17,2018,14466
12,17,2019,15095
12,17,2020,15499
12,17,2021,15718
12,17,2022,16102
12,17,2023,16760
12,18,1968,13691
12,18,1969,13399
12,18,1970,13279
12,18,1971,13270
12,18,1972,12626
12,18,1973,12860
12,18,1974,12722
12,18,1975,12752
12,18,1976,12662
12,18,1977,12788
12,18,1978,12374
12,18,1979,12838
12,18,1980,12971
12,18,1981,13894
12,18,1982,14908
12,18,1983,15066
12,18,1984,14922
12,18,1985,14826
12,18,1986,13956
12,18,1987,13266
12,18,1988,13636
12,18,1989,14064
12,18,1990,13937
12,18,1991,13864
12,18,1992,14131
12,18,1993,13880
12,18,1994,13360
12,18,1995,12957
12,18,1996,12725
12,18,1997,13164
12,18,1998,12753
12,18,1999,12747
12,18,2000,12631
12,18,2001,12764
12,18,2002,13122
12,18,2003,13531
12,18,2004,14198
12,18,2005,14433
12,18,2006,15507
12,18,2007,15896
12,18,2008,16808
12,18,2009,16746
12,18,2010,16541
12,18,2011,15977
12,18,2012,15426
12,18,2013,14851
12,18,2014,13992
12,18,2015,13668
12,18,2016,13854
12,18,2017,14292
12,18,2018,14752
12,18,2019,14647
12,18,2020,15211
12,18,2021,15630
12,18,2022,15904
12,18,2023,16314
12,19,1968,14370
12,19,1969,14005
12,19,1970,13760
12,19,1971,13428
12,19,1972,13356
12,19,1973,12746
12,19,1974,13048
12,19,1975,12825
12,19,1976,12819
12,19,1977,12770
12,19,1978,12815
12,19,1979,12461
12,19,1980,12913
12,19,1981,13014
12,19,1982,13889
12,19,1983,14885
12,19,1984,15083
12,19,1985,14973
12,19,1986,14915
12,19,1987,14025
12,19,1988,13357
12,19,1989,13759
12,19,1990,14203
12,19,1991,14079
12,19,1992,14001
12,19,1993,14177
12,19,1994,14067
12,19,1995,13468
12,19,1996,13081
12,19,1997,12818
12,19,1998,13274
12,19,1999,12827
12,19,2000,12914
12,19,2001,12804
12,19,2002,12914
12,19,2003,13265
12,19,2004,13634
12,19,2005,14291
12,19,2006,14720
12,19,2007,15791
12,19,2008,16113
12,19,2009,17144
12,19,2010,17054
12,19,2011,16778
12,19,2012,16190
12,19,2013,15754
12,19,2014,15159
12,19,2015,14317
12,19,2016,14036
12,19,2017,14186
12,19,2018,14732
12,19,2019,15019
12,19,2020,14880
12,19,2021,15392
12,19,2022,15909
12,19,2023,16105
13,17,1968,2776
13,17,1969,2779
13,17,1970,2770
13,17,1971,2705
13,17,1972,2822
13,17,1973,2877
13,17,1974,2880
13,17,1975,2989
13,17,1976,2955
13,17,1977,2970
13,17,1978,3027
13,17,1979,2994
13,17,1980,3344
13,17,1981,3496
13,17,1982,3579
13,17,1983,3678
13,17,1984,3697
13,17,1985,3460
13,17,1986,3355
13,17,1987,3519
13,17,1988,3658
13,17,1989,3711
13,17,1990,3706
13,17,1991,3639
13,17,1992,3581
13,17,1993,3435
13,17,1994,3230
13,17,1995,3313
13,17,1996,3403
13,17,1997,3267
13,17,1998,3267
13,17,1999,3259
13,17,2000,3250
13,17,2001,3456
13,17,2002,3585
13,17,2003,3679
13,17,2004,3743
13,17,2005,4013
13,17,2006,4212
13,17,2007,4444
13,17,2008,4395
13,17,2009,4362
13,17,2010,4382
13,17,2011,4081
13,17,2012,3804
13,17,2013,3514
13,17,2014,3448
13,17,2015,3400
13,17,2016,3494
13,17,2017,3639
13,17,2018,3706
13,17,2019,3911
13,17,2020,4017
13,17,2021,4034
13,17,2022,4137
13,17,2023,4315
13,18,1968,2841
13,18,1969,2825
13,18,1970,2846
13,18,1971,2784
13,18,1972,2757
13,18,1973,2840
13,18,1974,2910
13,18,1975,2909
13,18,1976,3003
13,18,1977,2966
13,18,1978,2963
13,18,1979,3018
13,18,1980,3013
13,18,1981,3339
13,18,1982,3499
13,18,1983,3578
13,18,1984,3667
13,18,1985,3700
13,18,1986,3448
13,18,1987,3351
13,18,1988,3540
13,18,1989,3667
13,18,1990,3720
13,18,1991,3691
13,18,1992,3668
13,18,1993,3586
13,18,1994,3464
13,18,1995,3229
13,18,1996,3308
13,18,1997,3404
13,18,1998,3276
13,18,1999,3267
13,18,2000,3275
13,18,2001,3259
13,18,2002,3473
13,18,2003,3595
13,18,2004,3722
13,18,2005,3756
13,18,2006,4010
13,18,2007,4219
13,18,2008,4456
13,18,2009,4425
13,18,2010,4359
13,18,2011,4401
13,18,2012,4100
13,18,2013,3835
13,18,2014,3564
13,18,2015,3502
13,18,2016,3513
13,18,2017,3595
13,18,2018,3686
13,18,2019,3751
13,18,2020,3922
13,18,2021,4036
13,18,2022,4060
13,18,2023,4135
13,19,1968,2931
13,19,1969,2891
13,19,1970,2838
13,19,1971,2840
13,19,1972,2814
13,19,1973,2755
13,19,1974,2856
13,19,1975,2898
13,19,1976,2913
13,19,1977,2978
13,19,1978,2957
13,19,1979,2937
13,19,1980,3012
13,19,1981,3000
13,19,1982,3318
13,19,1983,3476
13,19,1984,3551
13,19,1985,3635
13,19,1986,3673
13,19,1987,3435
13,19,1988,3367
13,19,1989,3521
13,19,1990,3654
13,19,1991,3675
13,19,1992,3653
13,19,1993,3621
13,19,1994,3559
13,19,1995,3374
13,19,1996,3123
13,19,1997,3240
13,19,1998,3326
13,19,1999,3201
13,19,2000,3221
13,19,2001,3215
13,19,2002,3258
13,19,2003,3428
13,19,2004,3579
13,19,2005,3659
13,19,2006,3709
13,19,2007,3938
13,19,2008,4122
13,19,2009,4445
13,19,2010,4384
13,19,2011,4320
13,19,2012,4353
13,19,2013,4035
13,19,2014,3808
13,19,2015,3555
13,19,2016,3477
13,19,2017,3510
13,19,2018,3657
13,19,2019,3696
13,19,2020,3753
13,19,2021,3869
13,19,2022,4008
13,19,2023,4063
14,17,1968,17914
14,17,1969,18348
14,17,1970,18663
14,17,1971,17648
14,17,1972,17916
14,17,1973,18151
14,17,1974,18179
14,17,1975,17782
14,17,1976,17776
14,17,1977,17171
14,17,1978,17686
14,17,1979,17952
14,17,1980,19263
14,17,1981,20311
14,17,1982,20596
14,17,1983,20597
14,17,1984,20253
14,17,1985,19205
14,17,1986,18351
14,17,1987,18394
14,17,1988,18722
14,17,1989,18950
14,17,1990,18617
14,17,1991,18583
14,17,1992,17673
14,17,1993,16589
14,17,1994,16560
14,17,1995,16123
14,17,1996,16593
14,17,1997,16977
14,17,1998,16773
14,17,1999,17118
14,17,2000,16732
14,17,2001,17478
14,17,2002,18236
14,17,2003,18534
14,17,2004,19116
14,17,2005,20436
14,17,2006,21099
14,17,2007,22387
14,17,2008,22298
14,17,2009,21950
14,17,2010,21118
14,17,2011,20292
14,17,2012,18868
14,17,2013,17725
14,17,2014,17214
14,17,2015,17452
14,17,2016,17673
14,17,2017,17928
14,17,2018,18009
14,17,2019,18470
14,17,2020,19075
14,17,2021,19352
14,17,2022,19395
14,17,2023,20272
14,18,1968,19037
14,18,1969,18497
14,18,1970,18901
14,18,1971,18868
14,18,1972,17856
14,18,1973,18089
14,18,1974,18365
14,18,1975,18401
14,18,1976,17996
14,18,1977,17877
14,18,1978,17319
14,18,1979,17886
14,18,1980,18058
14,18,1981,19321
14,18,1982,20299
14,18,1983,20674
14,18,1984,20734
14,18,1985,20417
14,18,1986,19379
14,18,1987,18508
14,18,1988,18551
14,18,1989,18989
14,18,1990,19128
14,18,1991,18762
14,18,1992,18699
14,18,1993,17824
14,18,1994,16806
14,18,1995,16663
14,18,1996,16208
14,18,1997,16702
14,18,1998,17045
14,18,1999,16853
14,18,2000,17256
14,18,2001,16860
14,18,2002,17593
14,18,2003,18357
14,18,2004,18643
14,18,2005,19184
14,18,2006,20608
14,18,2007,21238
14,18,2008,22565
14,18,2009,22472
14,18,2010,22131
14,18,2011,21296
14,18,2012,20519
14,18,2013,19127
14,18,2014,18069
14,18,2015,17590
14,18,2016,18063
14,18,2017,18202
14,18,2018,18313
14,18,2019,18185
14,18,2020,18630
14,18,2021,19270
14,18,2022,19485
14,18,2023,19566
14,19,1968,20125
14,19,1969,19697
14,19,1970,19182
14,19,1971,19106
14,19,1972,19040
14,19,1973,18041
14,19,1974,18306
14,19,1975,18726
14,19,1976,18629
14,19,1977,18196
14,19,1978,18088
14,19,1979,17644
14,19,1980,18094
14,19,1981,18200
14,19,1982,19459
14,19,1983,20452
14,19,1984,20932
14,19,1985,20988
14,19,1986,20724
14,19,1987,19647
14,19,1988,18718
14,19,1989,18954
14,19,1990,19248
14,19,1991,19280
14,19,1992,18877
14,19,1993,18933
14,19,1994,18109
14,19,1995,16958
14,19,1996,16784
14,19,1997,16276
14,19,1998,16737
14,19,1999,17121
14,19,2000,17021
14,19,2001,17381
14,19,2002,17030
14,19,2003,17686
14,19,2004,18404
14,19,2005,18717
14,19,2006,19340
14,19,2007,20765
14,19,2008,21388
14,19,2009,22675
14,19,2010,22521
14,19,2011,22085
14,19,2012,21406
14,19,2013,20778
14,19,2014,19491
14,19,2015,18341
14,19,2016,18030
14,19,2017,18345
14,19,2018,18745
14,19,2019,18576
14,19,2020,18251
14,19,2021,18865
14,19,2022,19447
14,19,2023,19754
17,17,1968,4086
17,17,1969,3998
17,17,1970,4029
17,17,1971,3780
17,17,1972,3805
17,17,1973,3864
17,17,1974,3822
17,17,1975,3697
17,17,1976,3738
17,17,1977,3576
17,17,1978,3625
17,17,1979,3760
17,17,1980,3803
17,17,1981,4227
17,17,1982,4250
17,17,1983,4164
17,17,1984,4197
17,17,1985,3813
17,17,1986,3519
17,17,1987,3594
17,17,1988,3679
17,17,1989,3661
17,17,1990,3646
17,17,1991,3746
17,17,1992,3555
17,17,1993,3264
17,17,1994,3218
17,17,1995,3026
17,17,1996,3161
17,17,1997,3319
17,17,1998,3186
17,17,1999,3117
17,17,2000,3178
17,17,2001,3145
17,17,2002,3250
17,17,2003,3397
17,17,2004,3481
17,17,2005,3671
17,17,2006,3752
17,17,2007,4061
17,17,2008,4097
17,17,2009,3869
17,17,2010,3792
17,17,2011,3357
17,17,2012,3250
17,17,2013,3116
17,17,2014,2912
17,17,2015,2993
17,17,2016,2890
17,17,2017,2953
17,17,2018,2945
17,17,2019,2878
17,17,2020,3004
17,17,2021,2888
17,17,2022,3036
17,17,2023,3084
17,18,1968,4019
17,18,1969,4047
17,18,1970,3977
17,18,1971,3985
17,18,1972,3758
17,18,1973,3767
17,18,1974,3851
17,18,1975,3794
17,18,1976,3708
17,18,1977,3734
17,18,1978,3565
17,18,1979,3601
17,18,1980,3731
17,18,1981,3797
17,18,1982,4212
17,18,1983,4238
17,18,1984,4128
17,18,1985,4137
17,18,1986,3787
17,18,1987,3485
17,18,1988,3587
17,18,1989,3681
17,18,1990,3667
17,18,1991,3656
17,18,1992,3771
17,18,1993,3552
17,18,1994,3270
17,18,1995,3203
17,18,1996,3018
17,18,1997,3153
17,18,1998,3315
17,18,1999,3184
17,18,2000,3123
17,18,2001,3176
17,18,2002,3140
17,18,2003,3267
17,18,2004,3406
17,18,2005,3490
17,18,2006,3676
17,18,2007,3764
17,18,2008,4051
17,18,2009,4095
17,18,2010,3898
17,18,2011,3798
17,18,2012,3381
17,18,2013,3291
17,18,2014,3158
17,18,2015,2963
17,18,2016,3123
17,18,2017,2943
17,18,2018,3015
17,18,2019,2962
17,18,2020,2876
17,18,2021,3012
17,18,2022,2916
17,18,2023,3051
17,19,1968,4263
17,19,1969,3919
17,19,1970,3977
17,19,1971,3906
17,19,1972,3933
17,19,1973,3710
17,19,1974,3722
17,19,1975,3808
17,19,1976,3776
17,19,1977,3674
17,19,1978,3714
17,19,1979,3480
17,19,1980,3546
17,19,1981,3673
17,19,1982,3787
17,19,1983,4146
17,19,1984,4179
17,19,1985,4063
17,19,1986,4057
17,19,1987,3739
17,19,1988,3480
17,19,1989,3553
17,19,1990,3625
17,19,1991,3647
17,19,1992,3692
17,19,1993,3800
17,19,1994,3601
17,19,1995,3247
17,19,1996,3174
17,19,1997,2959
17,19,1998,3104
17,19,1999,3226
17,19,2000,3085
17,19,2001,3088
17,19,2002,3157
17,19,2003,3156
17,19,2004,3311
17,19,2005,3411
17,19,2006,3461
17,19,2007,3678
17,19,2008,3797
17,19,2009,4035
17,19,2010,4112
17,19,2011,3937
17,19,2012,3838
17,19,2013,3439
17,19,2014,3318
17,19,2015,3208
17,19,2016,3072
17,19,2017,3167
17,19,2018,3061
17,19,2019,3080
17,19,2020,3033
17,19,2021,2916
17,19,2022,3096
17,19,2023,3001
18,17,1968,3672
18,17,1969,3660
18,17,1970,3790
18,17,1971,3451
18,17,1972,3597
18,17,1973,3453
18,17,1974,3473
18,17,1975,3288
18,17,1976,3458
18,17,1977,3376
18,17,1978,3481
18,17,1979,3603
18,17,1980,3577
18,17,1981,4193
18,17,1982,4043
18,17,1983,4042
18,17,1984,3952
18,17,1985,3767
18,17,1986,3579
18,17,1987,3709
18,17,1988,3837
18,17,1989,3697
18,17,1990,3615
18,17,1991,3742
18,17,1992,3349
18,17,1993,3174
18,17,1994,3334
18,17,1995,3122
18,17,1996,3233
18,17,1997,3322
18,17,1998,3120
18,17,1999,3100
18,17,2000,3216
18,17,2001,3208
18,17,2002,3362
18,17,2003,3493
18,17,2004,3545
18,17,2005,3709
18,17,2006,3814
18,17,2007,4102
18,17,2008,4017
18,17,2009,3872
18,17,2010,3729
18,17,2011,3656
18,17,2012,3455
18,17,2013,3376
18,17,2014,3266
18,17,2015,3268
18,17,2016,3269
18,17,2017,3397
18,17,2018,3291
18,17,2019,3337
18,17,2020,3396
18,17,2021,3323
18,17,2022,3426
18,17,2023,3499
18,18,1968,4038
18,18,1969,3708
18,18,1970,3717
18,18,1971,3786
18,18,1972,3412
18,18,1973,3617
18,18,1974,3449
18,18,1975,3473
18,18,1976,3295
18,18,1977,3458
18,18,1978,3402
18,18,1979,3513
18,18,1980,3632
18,18,1981,3559
18,18,1982,4208
18,18,1983,4033
18,18,1984,4042
18,18,1985,3939
18,18,1986,3761
18,18,1987,3572
18,18,1988,3701
18,18,1989,3873
18,18,1990,3695
18,18,1991,3620
18,18,1992,3751
18,18,1993,3381
18,18,1994,3225
18,18,1995,3344
18,18,1996,3129
18,18,1997,3255
18,18,1998,3342
18,18,1999,3138
18,18,2000,3106
18,18,2001,3223
18,18,2002,3231
18,18,2003,3387
18,18,2004,3501
18,18,2005,3538
18,18,2006,3725
18,18,2007,3831
18,18,2008,4145
18,18,2009,4035
18,18,2010,3888
18,18,2011,3767
18,18,2012,3701
18,18,2013,3523
18,18,2014,3437
18,18,2015,3347
18,18,2016,3401
18,18,2017,3388
18,18,2018,3470
18,18,2019,3333
18,18,2020,3360
18,18,2021,3398
18,18,2022,3353
18,18,2023,3445
18,19,1968,4232
18,19,1969,4051
18,19,1970,3728
18,19,1971,3683
18,19,1972,3698
18,19,1973,3374
18,19,1974,3611
18,19,1975,3456
18,19,1976,3466
18,19,1977,3314
18,19,1978,3481
18,19,1979,3440
18,19,1980,3524
18,19,1981,3630
18,19,1982,3548
18,19,1983,4166
18,19,1984,4029
18,19,1985,3996
18,19,1986,3922
18,19,1987,3781
18,19,1988,3558
18,19,1989,3721
18,19,1990,3846
18,19,1991,3689
18,19,1992,3599
18,19,1993,3738
18,19,1994,3383
18,19,1995,3224
18,19,1996,3330
18,19,1997,3132
18,19,1998,3216
18,19,1999,3350
18,19,2000,3098
18,19,2001,3087
18,19,2002,3236
18,19,2003,3192
18,19,2004,3380
18,19,2005,3479
18,19,2006,3544
18,19,2007,3739
18,19,2008,3844
18,19,2009,4189
18,19,2010,4047
18,19,2011,3924
18,19,2012,3735
18,19,2013,3689
18,19,2014,3593
18,19,2015,3484
18,19,2016,3480
18,19,2017,3520
18,19,2018,3539
18,19,2019,3596
18,19,2020,3354
18,19,2021,3500
18,19,2022,3535
18,19,2023,3481
19,17,1968,3628
19,17,1969,3732
19,17,1970,3706
19,17,1971,3500
19,17,1972,3629
19,17,1973,3578
19,17,1974,3610
19,17,1975,3626
19,17,1976,3571
19,17,1977,3423
19,17,1978,3711
19,17,1979,3728
19,17,1980,3991
19,17,1981,4188
19,17,1982,4249
19,17,1983,4240
19,17,1984,4165
19,17,1985,3924
19,17,1986,3578
19,17,1987,3501
19,17,1988,3699
19,17,1989,3647
19,17,1990,3477
19,17,1991,3631
19,17,1992,3349
19,17,1993,3194
19,17,1994,2941
19,17,1995,2932
19,17,1996,2997
19,17,1997,2977
19,17,1998,2944
19,17,1999,2843
19,17,2000,2813
19,17,2001,3022
19,17,2002,3196
19,17,2003,3358
19,17,2004,3375
19,17,2005,3652
19,17,2006,3463
19,17,2007,3765
19,17,2008,3685
19,17,2009,3672
19,17,2010,3508
19,17,2011,3417
19,17,2012,3138
19,17,2013,2917
19,17,2014,2794
19,17,2015,2924
19,17,2016,2919
19,17,2017,3036
19,17,2018,2992
19,17,2019,3088
19,17,2020,3217
19,17,2021,3194
19,17,2022,3289
19,17,2023,3299
19,18,1968,4034
19,18,1969,3680
19,18,1970,3816
19,18,1971,3732
19,18,1972,3459
19,18,1973,3593
19,18,1974,3594
19,18,1975,3595
19,18,1976,3625
19,18,1977,3567
19,18,1978,3433
19,18,1979,3735
19,18,1980,3725
19,18,1981,3959
19,18,1982,4152
19,18,1983,4181
19,18,1984,4209
19,18,1985,4126
19,18,1986,3887
19,18,1987,3550
19,18,1988,3497
19,18,1989,3697
19,18,1990,3655
19,18,1991,3514
19,18,1992,3638
19,18,1993,3369
19,18,1994,3233
19,18,1995,2957
19,18,1996,2918
19,18,1997,2995
19,18,1998,2984
19,18,1999,2953
19,18,2000,2860
19,18,2001,2849
19,18,2002,3044
19,18,2003,3221
19,18,2004,3372
19,18,2005,3399
19,18,2006,3425
19,18,2007,3503
19,18,2008,3786
19,18,2009,3742
19,18,2010,3709
19,18,2011,3529
19,18,2012,3450
19,18,2013,3195
19,18,2014,2959
19,18,2015,2848
19,18,2016,3049
19,18,2017,3095
19,18,2018,3128
19,18,2019,3049
19,18,2020,3117
19,18,2021,3237
19,18,2022,3232
19,18,2023,3314
19,19,1968,4257
19,19,1969,4083
19,19,1970,3756
19,19,1971,3767
19,19,1972,3654
19,19,1973,3412
19,19,1974,3587
19,19,1975,3554
19,19,1976,3583
19,19,1977,3587
19,19,1978,3501
19,19,1979,3400
19,19,1980,3699
19,19,1981,3655
19,19,1982,3902
19,19,1983,4090
19,19,1984,4125
19,19,1985,4103
19,19,1986,4051
19,19,1987,3807
19,19,1988,3541
19,19,1989,3500
19,19,1990,3691
19,19,1991,3634
19,19,1992,3457
19,19,1993,3604
19,19,1994,3325
19,19,1995,3161
19,19,1996,2885
19,19,1997,2810
19,19,1998,2928
19,19,1999,2859
19,19,2000,2926
19,19,2001,2863
19,19,2002,2874
19,19,2003,3017
19,19,2004,3199
19,19,2005,3309
19,19,2006,3147
19,19,2007,3374
19,19,2008,3484
19,19,2009,3715
19,19,2010,3675
19,19,2011,3685
19,19,2012,3504
19,19,2013,3446
19,19,2014,3156
19,19,2015,2955
19,19,2016,2848
19,19,2017,3019
19,19,2018,3112
19,19,2019,3088
19,19,2020,2978
19,19,2021,3046
19,19,2022,3144
19,19,2023,3141
20,17,1968,3986
20,17,1969,3900
20,17,1970,4006
20,17,1971,3877
20,17,1972,3948
20,17,1973,3921
20,17,1974,3895
20,17,1975,3779
20,17,1976,3777
20,17,1977,3792
20,17,1978,3665
20,17,1979,3831
20,17,1980,3965
20,17,1981,4412
20,17,1982,4196
20,17,1983,4194
20,17,1984,4253
20,17,1985,3948
20,17,1986,3626
20,17,1987,3569
20,17,1988,3850
20,17,1989,3843
20,17,1990,3761
20,17,1991,3823
20,17,1992,3540
20,17,1993,3640
20,17,1994,3431
20,17,1995,3306
20,17,1996,3457
20,17,1997,3608
20,17,1998,3423
20,17,1999,3395
20,17,2000,3267
20,17,2001,3446
20,17,2002,3681
20,17,2003,3728
20,17,2004,3787
20,17,2005,3986
20,17,2006,4083
20,17,2007,4281
20,17,2008,4325
20,17,2009,4194
20,17,2010,3790
20,17,2011,3614
20,17,2012,3343
20,17,2013,3251
20,17,2014,2959
20,17,2015,3022
20,17,2016,3058
20,17,2017,3143
20,17,2018,3004
20,17,2019,3132
20,17,2020,3177
20,17,2021,3278
20,17,2022,3274
20,17,2023,3272
20,18,1968,4166
20,18,1969,3963
20,18,1970,3897
20,18,1971,3981
20,18,1972,3849
20,18,1973,3927
20,18,1974,3895
20,18,1975,3899
20,18,1976,3802
20,18,1977,3729
20,18,1978,3783
20,18,1979,3628
20,18,1980,3798
20,18,1981,3918
20,18,1982,4374
20,18,1983,4149
20,18,1984,4144
20,18,1985,4190
20,18,1986,3888
20,18,1987,3591
20,18,1988,3546
20,18,1989,3842
20,18,1990,3862
20,18,1991,3747
20,18,1992,3803
20,18,1993,3532
20,18,1994,3642
20,18,1995,3407
20,18,1996,3297
20,18,1997,3422
20,18,1998,3583
20,18,1999,3402
20,18,2000,3383
20,18,2001,3262
20,18,2002,3450
20,18,2003,3701
20,18,2004,3731
20,18,2005,3791
20,18,2006,4001
20,18,2007,4099
20,18,2008,4292
20,18,2009,4320
20,18,2010,4213
20,18,2011,3817
20,18,2012,3624
20,18,2013,3378
20,18,2014,3301
20,18,2015,3040
20,18,2016,3107
20,18,2017,3180
20,18,2018,3188
20,18,2019,3016
20,18,2020,3129
20,18,2021,3195
20,18,2022,3280
20,18,2023,3278
20,19,1968,4418
20,19,1969,4114
20,19,1970,3898
20,19,1971,3836
20,19,1972,3961
20,19,1973,3818
20,19,1974,3877
20,19,1975,3895
20,19,1976,3873
20,19,1977,3755
20,19,1978,3688
20,19,1979,3750
20,19,1980,3612
20,19,1981,3697
20,19,1982,3865
20,19,1983,4301
20,19,1984,4062
20,19,1985,4017
20,19,1986,4078
20,19,1987,3850
20,19,1988,3560
20,19,1989,3514
20,19,1990,3809
20,19,1991,3768
20,19,1992,3671
20,19,1993,3756
20,19,1994,3477
20,19,1995,3552
20,19,1996,3319
20,19,1997,3167
20,19,1998,3273
20,19,1999,3443
20,19,2000,3213
20,19,2001,3252
20,19,2002,3170
20,19,2003,3336
20,19,2004,3529
20,19,2005,3603
20,19,2006,3708
20,19,2007,3834
20,19,2008,3925
20,19,2009,4186
20,19,2010,4159
20,19,2011,4010
20,19,2012,3605
20,19,2013,3485
20,19,2014,3216
20,19,2015,3174
20,19,2016,2946
20,19,2017,2997
20,19,2018,3113
20,19,2019,3086
20,19,2020,2860
20,19,2021,3006
20,19,2022,3049
20,19,2023,3124
21,17,1968,4114
21,17,1969,3962
21,17,1970,4135
21,17,1971,3978
21,17,1972,4019
21,17,1973,3966
21,17,1974,3966
21,17,1975,3789
21,17,1976,3876
21,17,1977,3787
21,17,1978,3862
21,17,1979,4009
21,17,1980,4109
21,17,1981,4424
21,17,1982,4387
21,17,1983,4365
21,17,1984,4341
21,17,1985,3953
21,17,1986,3749
21,17,1987,3757
21,17,1988,3936
21,17,1989,3934
21,17,1990,3826
21,17,1991,3766
21,17,1992,3585
21,17,1993,3299
21,17,1994,3185
21,17,1995,3071
21,17,1996,3126
21,17,1997,3212
21,17,1998,3178
21,17,1999,3121
21,17,2000,3143
21,17,2001,3199
21,17,2002,3337
21,17,2003,3502
21,17,2004,3541
21,17,2005,3844
21,17,2006,3955
21,17,2007,4137
21,17,2008,4205
21,17,2009,4066
21,17,2010,3801
21,17,2011,3549
21,17,2012,3249
21,17,2013,3133
21,17,2014,3023
21,17,2015,3055
21,17,2016,2994
21,17,2017,3157
21,17,2018,3068
21,17,2019,3216
21,17,2020,3297
21,17,2021,3350
21,17,2022,3232
21,17,2023,3338
21,18,1968,4384
21,18,1969,4065
21,18,1970,3972
21,18,1971,4101
21,18,1972,3978
21,18,1973,3987
21,18,1974,3967
21,18,1975,3949
21,18,1976,3772
21,18,1977,3859
21,18,1978,3745
21,18,1979,3855
21,18,1980,3986
21,18,1981,4080
21,18,1982,4426
21,18,1983,4363
21,18,1984,4339
21,18,1985,4294
21,18,1986,3933
21,18,1987,3720
21,18,1988,3765
21,18,1989,3939
21,18,1990,3906
21,18,1991,3827
21,18,1992,3776
21,18,1993,3588
21,18,1994,3327
21,18,1995,3185
21,18,1996,3068
21,18,1997,3126
21,18,1998,3203
21,18,1999,3182
21,18,2000,3126
21,18,2001,3151
21,18,2002,3214
21,18,2003,3353
21,18,2004,3528
21,18,2005,3532
21,18,2006,3866
21,18,2007,4004
21,18,2008,4202
21,18,2009,4262
21,18,2010,4124
21,18,2011,3813
21,18,2012,3585
21,18,2013,3339
21,18,2014,3214
21,18,2015,3104
21,18,2016,3183
21,18,2017,3069
21,18,2018,3217
21,18,2019,3094
21,18,2020,3237
21,18,2021,3293
21,18,2022,3362
21,18,2023,3216
21,19,1968,4629
21,19,1969,4300
21,19,1970,4040
21,19,1971,3921
21,19,1972,4052
21,19,1973,3923
21,19,1974,3941
21,19,1975,3930
21,19,1976,3895
21,19,1977,3731
21,19,1978,3828
21,19,1979,3699
21,19,1980,3820
21,19,1981,3928
21,19,1982,4047
21,19,1983,4345
21,19,1984,4266
21,19,1985,4216
21,19,1986,4224
21,19,1987,3867
21,19,1988,3675
21,19,1989,3750
21,19,1990,3895
21,19,1991,3871
21,19,1992,3789
21,19,1993,3719
21,19,1994,3544
21,19,1995,3284
21,19,1996,3125
21,19,1997,3000
21,19,1998,3066
21,19,1999,3180
21,19,2000,3121
21,19,2001,3074
21,19,2002,3043
21,19,2003,3147
21,19,2004,3292
21,19,2005,3434
21,19,2006,3412
21,19,2007,3755
21,19,2008,3899
21,19,2009,4128
21,19,2010,4177
21,19,2011,4025
21,19,2012,3659
21,19,2013,3511
21,19,2014,3280
21,19,2015,3164
21,19,2016,3076
21,19,2017,3123
21,19,2018,3098
21,19,2019,3151
21,19,2020,3036
21,19,2021,3152
21,19,2022,3185
21,19,2023,3268
22,17,1968,3800
22,17,1969,3923
22,17,1970,3901
22,17,1971,3767
22,17,1972,3691
22,17,1973,3803
22,17,1974,3629
22,17,1975,3577
22,17,1976,3474
22,17,1977,3377
22,17,1978,3306
22,17,1979,3368
22,17,1980,3723
22,17,1981,3939
22,17,1982,3939
22,17,1983,4046
22,17,1984,3931
22,17,1985,3673
22,17,1986,3497
22,17,1987,3456
22,17,1988,3529
22,17,1989,3550
22,17,1990,3463
22,17,1991,3465
22,17,1992,3345
22,17,1993,3122
22,17,1994,3091
22,17,1995,2951
22,17,1996,3030
22,17,1997,3028
22,17,1998,2933
22,17,1999,2886
22,17,2000,2748
22,17,2001,2882
22,17,2002,2967
22,17,2003,3025
22,17,2004,3082
22,17,2005,3220
22,17,2006,3465
22,17,2007,3519
22,17,2008,3506
22,17,2009,3384
22,17,2010,3121
22,17,2011,3086
22,17,2012,2846
22,17,2013,2647
22,17,2014,2554
22,17,2015,2537
22,17,2016,2649
22,17,2017,2629
22,17,2018,2687
22,17,2019,2805
22,17,2020,2847
22,17,2021,2943
22,17,2022,2787
22,17,2023,2859
22,18,1968,4008
22,18,1969,3709
22,18,1970,3889
22,18,1971,3881
22,18,1972,3723
22,18,1973,3649
22,18,1974,3749
22,18,1975,3610
22,18,1976,3518
22,18,1977,3439
22,18,1978,3346
22,18,1979,3285
22,18,1980,3352
22,18,1981,3706
22,18,1982,3935
22,18,1983,3927
22,18,1984,4013
22,18,1985,3899
22,18,1986,3665
22,18,1987,3474
22,18,1988,3437
22,18,1989,3516
22,18,1990,3561
22,18,1991,3462
22,18,1992,3469
22,18,1993,3359
22,18,1994,3117
22,18,1995,3077
22,18,1996,2952
22,18,1997,3014
22,18,1998,3021
22,18,1999,2903
22,18,2000,2865
22,18,2001,2761
22,18,2002,2889
22,18,2003,2979
22,18,2004,3032
22,18,2005,3068
22,18,2006,3250
22,18,2007,3474
22,18,2008,3522
22,18,2009,3514
22,18,2010,3388
22,18,2011,3131
22,18,2012,3125
22,18,2013,2865
22,18,2014,2686
22,18,2015,2614
22,18,2016,2644
22,18,2017,2802
22,18,2018,2675
22,18,2019,2703
22,18,2020,2809
22,18,2021,2853
22,18,2022,2949
22,18,2023,2776
22,19,1968,4242
22,19,1969,3874
22,19,1970,3671
22,19,1971,3837
22,19,1972,3817
22,19,1973,3611
22,19,1974,3569
22,19,1975,3663
22,19,1976,3572
22,19,1977,3472
22,19,1978,3402
22,19,1979,3296
22,19,1980,3285
22,19,1981,3302
22,19,1982,3653
22,19,1983,3886
22,19,1984,3851
22,19,1985,3937
22,19,1986,3848
22,19,1987,3602
22,19,1988,3428
22,19,1989,3432
22,19,1990,3493
22,19,1991,3518
22,19,1992,3465
22,19,1993,3486
22,19,1994,3324
22,19,1995,3088
22,19,1996,3017
22,19,1997,2947
22,19,1998,2880
22,19,1999,2975
22,19,2000,2800
22,19,2001,2754
22,19,2002,2629
22,19,2003,2827
22,19,2004,2909
22,19,2005,2974
22,19,2006,3024
22,19,2007,3169
22,19,2008,3346
22,19,2009,3411
22,19,2010,3408
22,19,2011,3249
22,19,2012,3022
22,19,2013,3015
22,19,2014,2814
22,19,2015,2623
22,19,2016,2577
22,19,2017,2575
22,19,2018,2734
22,19,2019,2595
22,19,2020,2571
22,19,2021,2676
22,19,2022,2721
22,19,2023,2827
23,17,1968,2024
23,17,1969,1974
23,17,1970,1978
23,17,1971,1985
23,17,1972,1947
23,17,1973,1851
23,17,1974,1841
23,17,1975,1763
23,17,1976,1781
23,17,1977,1716
23,17,1978,1739
23,17,1979,1771
23,17,1980,1821
23,17,1981,2024
23,17,1982,2029
23,17,1983,2004
23,17,1984,1912
23,17,1985,1755
23,17,1986,1660
23,17,1987,1701
23,17,1988,1732
23,17,1989,1814
23,17,1990,1725
23,17,1991,1803
23,17,1992,1638
23,17,1993,1570
23,17,1994,1525
23,17,1995,1538
23,17,1996,1602
23,17,1997,1500
23,17,1998,1466
23,17,1999,1523
23,17,2000,1519
23,17,2001,1549
23,17,2002,1615
23,17,2003,1755
23,17,2004,1681
23,17,2005,1800
23,17,2006,1765
23,17,2007,1942
23,17,2008,1925
23,17,2009,1742
23,17,2010,1725
23,17,2011,1628
23,17,2012,1475
23,17,2013,1351
23,17,2014,1339
23,17,2015,1219
23,17,2016,1337
23,17,2017,1306
23,17,2018,1329
23,17,2019,1367
23,17,2020,1454
23,17,2021,1469
23,17,2022,1471
23,17,2023,1509
23,18,1968,2156
23,18,1969,1911
23,18,1970,1893
23,18,1971,1972
23,18,1972,1951
23,18,1973,1917
23,18,1974,1812
23,18,1975,1827
23,18,1976,1739
23,18,1977,1797
23,18,1978,1705
23,18,1979,1725
23,18,1980,1744
23,18,1981,1826
23,18,1982,2015
23,18,1983,2025
23,18,1984,1991
23,18,1985,1903
23,18,1986,1727
23,18,1987,1649
23,18,1988,1704
23,18,1989,1746
23,18,1990,1817
23,18,1991,1738
23,18,1992,1789
23,18,1993,1655
23,18,1994,1574
23,18,1995,1527
23,18,1996,1530
23,18,1997,1595
23,18,1998,1489
23,18,1999,1470
23,18,2000,1523
23,18,2001,1522
23,18,2002,1545
23,18,2003,1602
23,18,2004,1754
23,18,2005,1674
23,18,2006,1803
23,18,2007,1775
23,18,2008,1950
23,18,2009,1924
23,18,2010,1751
23,18,2011,1728
23,18,2012,1633
23,18,2013,1495
23,18,2014,1367
23,18,2015,1337
23,18,2016,1255
23,18,2017,1402
23,18,2018,1332
23,18,2019,1340
23,18,2020,1369
23,18,2021,1455
23,18,2022,1484
23,18,2023,1472
23,19,1968,2118
23,19,1969,1998
23,19,1970,1807
23,19,1971,1871
23,19,1972,1926
23,19,1973,1928
23,19,1974,1857
23,19,1975,1798
23,19,1976,1815
23,19,1977,1697
23,19,1978,1766
23,19,1979,1693
23,19,1980,1710
23,19,1981,1724
23,19,1982,1823
23,19,1983,2013
23,19,1984,2015
23,19,1985,1942
23,19,1986,1889
23,19,1987,1711
23,19,1988,1639
23,19,1989,1707
23,19,1990,1772
23,19,1991,1849
23,19,1992,1744
23,19,1993,1799
23,19,1994,1676
23,19,1995,1564
23,19,1996,1514
23,19,1997,1519
23,19,1998,1602
23,19,1999,1447
23,19,2000,1471
23,19,2001,1493
23,19,2002,1470
23,19,2003,1510
23,19,2004,1582
23,19,2005,1726
23,19,2006,1642
23,19,2007,1801
23,19,2008,1762
23,19,2009,1929
23,19,2010,1909
23,19,2011,1734
23,19,2012,1709
23,19,2013,1627
23,19,2014,1514
23,19,2015,1365
23,19,2016,1384
23,19,2017,1273
23,19,2018,1420
23,19,2019,1339
23,19,2020,1339
23,19,2021,1396
23,19,2022,1464
23,19,2023,1484
24,17,1968,3718
24,17,1969,3625
24,17,1970,3610
24,17,1971,3488
24,17,1972,3609
24,17,1973,3560
24,17,1974,3432
24,17,1975,3379
24,17,1976,3366
24,17,1977,3265
24,17,1978,3218
24,17,1979,3217
24,17,1980,3389
24,17,1981,3596
24,17,1982,3576
24,17,1983,3648
24,17,1984,3606
24,17,1985,3454
24,17,1986,3222
24,17,1987,3158
24,17,1988,3247
24,17,1989,3297
24,17,1990,3379
24,17,1991,3517
24,17,1992,3334
24,17,1993,3059
24,17,1994,3184
24,17,1995,3151
24,17,1996,3172
24,17,1997,3253
24,17,1998,3192
24,17,1999,3148
24,17,2000,3135
24,17,2001,3086
24,17,2002,3305
24,17,2003,3308
24,17,2004,3331
24,17,2005,3544
24,17,2006,3670
24,17,2007,3756
24,17,2008,3982
24,17,2009,3831
24,17,2010,3516
24,17,2011,3390
24,17,2012,3157
24,17,2013,2886
24,17,2014,2889
24,17,2015,2695
24,17,2016,2722
24,17,2017,2787
24,17,2018,2810
24,17,2019,2862
24,17,2020,2897
24,17,2021,2887
24,17,2022,2899
24,17,2023,3075
24,18,1968,3772
24,18,1969,3609
24,18,1970,3536
24,18,1971,3543
24,18,1972,3448
24,18,1973,3541
24,18,1974,3542
24,18,1975,3394
24,18,1976,3393
24,18,1977,3351
24,18,1978,3272
24,18,1979,3203
24,18,1980,3237
24,18,1981,3375
24,18,1982,3602
24,18,1983,3566
24,18,1984,3644
24,18,1985,3583
24,18,1986,3440
24,18,1987,3213
24,18,1988,3178
24,18,1989,3266
24,18,1990,3302
24,18,1991,3390
24,18,1992,3536
24,18,1993,3334
24,18,1994,3080
24,18,1995,3183
24,18,1996,3144
24,18,1997,3185
24,18,1998,3268
24,18,1999,3199
24,18,2000,3143
24,18,2001,3137
24,18,2002,3095
24,18,2003,3310
24,18,2004,3330
24,18,2005,3349
24,18,2006,3567
24,18,2007,3699
24,18,2008,3770
24,18,2009,4007
24,18,2010,3836
24,18,2011,3529
24,18,2012,3394
24,18,2013,3190
24,18,2014,2921
24,18,2015,2913
24,18,2016,2766
24,18,2017,2933
24,18,2018,2854
24,18,2019,2849
24,18,2020,2894
24,18,2021,2921
24,18,2022,2913
24,18,2023,2911
24,19,1968,3957
24,19,1969,3667
24,19,1970,3536
24,19,1971,3457
24,19,1972,3499
24,19,1973,3369
24,19,1974,3449
24,19,1975,3512
24,19,1976,3373
24,19,1977,3354
24,19,1978,3323
24,19,1979,3271
24,19,1980,3201
24,19,1981,3186
24,19,1982,3349
24,19,1983,3578
24,19,1984,3528
24,19,1985,3602
24,19,1986,3565
24,19,1987,3422
24,19,1988,3241
24,19,1989,3242
24,19,1990,3302
24,19,1991,3358
24,19,1992,3440
24,19,1993,3623
24,19,1994,3424
24,19,1995,3223
24,19,1996,3314
24,19,1997,3262
24,19,1998,3303
24,19,1999,3390
24,19,2000,3260
24,19,2001,3225
24,19,2002,3277
24,19,2003,3215
24,19,2004,3431
24,19,2005,3477
24,19,2006,3456
24,19,2007,3667
24,19,2008,3843
24,19,2009,3929
24,19,2010,4218
24,19,2011,4020
24,19,2012,3696
24,19,2013,3525
24,19,2014,3327
24,19,2015,3069
24,19,2016,3091
24,19,2017,2954
24,19,2018,3219
24,19,2019,3135
24,19,2020,3132
24,19,2021,3136
24,19,2022,3123
24,19,2023,3123
25,17,1968,4396
25,17,1969,4290
25,17,1970,4306
25,17,1971,4081
25,17,1972,4132
25,17,1973,4148
25,17,1974,4147
25,17,1975,4089
25,17,1976,4096
25,17,1977,3909
25,17,1978,3888
25,17,1979,4005
25,17,1980,4011
25,17,1981,4260
25,17,1982,4328
25,17,1983,4353
25,17,1984,4157
25,17,1985,3963
25,17,1986,3649
25,17,1987,3683
25,17,1988,3713
25,17,1989,3785
25,17,1990,3618
25,17,1991,3664
25,17,1992,3521
25,17,1993,3213
25,17,1994,3213
25,17,1995,3090
25,17,1996,3046
25,17,1997,3230
25,17,1998,3118
25,17,1999,3068
25,17,2000,2956
25,17,2001,2995
25,17,2002,3159
25,17,2003,3172
25,17,2004,3343
25,17,2005,3450
25,17,2006,3643
25,17,2007,3693
25,17,2008,3778
25,17,2009,3528
25,17,2010,3310
25,17,2011,3158
25,17,2012,2869
25,17,2013,2759
25,17,2014,2632
25,17,2015,2612
25,17,2016,2618
25,17,2017,2746
25,17,2018,2655
25,17,2019,2535
25,17,2020,2593
25,17,2021,2658
25,17,2022,2591
25,17,2023,2715
25,18,1968,4520
25,18,1969,4210
25,18,1970,4162
25,18,1971,4244
25,18,1972,4011
25,18,1973,4057
25,18,1974,4068
25,18,1975,4065
25,18,1976,4057
25,18,1977,4038
25,18,1978,3850
25,18,1979,3846
25,18,1980,3923
25,18,1981,3963
25,18,1982,4207
25,18,1983,4288
25,18,1984,4311
25,18,1985,4092
25,18,1986,3909
25,18,1987,3626
25,18,1988,3667
25,18,1989,3703
25,18,1990,3753
25,18,1991,3609
25,18,1992,3681
25,18,1993,3506
25,18,1994,3207
25,18,1995,3203
25,18,1996,3068
25,18,1997,3023
25,18,1998,3214
25,18,1999,3101
25,18,2000,3068
25,18,2001,2934
25,18,2002,3005
25,18,2003,3152
25,18,2004,3158
25,18,2005,3351
25,18,2006,3454
25,18,2007,3635
25,18,2008,3691
25,18,2009,3770
25,18,2010,3515
25,18,2011,3297
25,18,2012,3179
25,18,2013,2876
25,18,2014,2767
25,18,2015,2648
25,18,2016,2662
25,18,2017,2843
25,18,2018,2792
25,18,2019,2676
25,18,2020,2538
25,18,2021,2611
25,18,2022,2660
25,18,2023,2596
25,19,1968,4570
25,19,1969,4257
25,19,1970,4069
25,19,1971,4059
25,19,1972,4155
25,19,1973,3929
25,19,1974,3973
25,19,1975,4072
25,19,1976,4054
25,19,1977,3998
25,19,1978,4003
25,19,1979,3840
25,19,1980,3782
25,19,1981,3860
25,19,1982,3883
25,19,1983,4130
25,19,1984,4239
25,19,1985,4193
25,19,1986,4005
25,19,1987,3827
25,19,1988,3587
25,19,1989,3603
25,19,1990,3637
25,19,1991,3708
25,19,1992,3600
25,19,1993,3687
25,19,1994,3437
25,19,1995,3166
25,19,1996,3169
25,19,1997,3024
25,19,1998,2975
25,19,1999,3102
25,19,2000,3098
25,19,2001,3003
25,19,2002,2904
25,19,2003,2984
25,19,2004,3109
25,19,2005,3185
25,19,2006,3360
25,19,2007,3470
25,19,2008,3641
25,19,2009,3718
25,19,2010,3773
25,19,2011,3556
25,19,2012,3387
25,19,2013,3261
25,19,2014,2964
25,19,2015,2828
25,19,2016,2777
25,19,2017,2824
25,19,2018,3023
25,19,2019,2877
25,19,2020,2810
25,19,2021,2642
25,19,2022,2655
25,19,2023,2694
